<?xml version="1.0" encoding="ISO-8859-1"?> 
<stations>
   <station name="Seattle, Washington">
      <name-collection>
         <name-part rnk="1" name="Washington"/>
         <name-part rnk="2" name="Seattle"/>
      </name-collection>
      <position latitude="47.605" longitude="-122.3383"/>
      <time-zone offset="-08:00" name="America/Los_Angeles"/>
      <base-height value="6.6300" unit="feet"/>
      <station-data>
         <harmonic-coeff rnk="1" name="J1" amplitude="0.1190" epoch="163.60"/>
         <harmonic-coeff rnk="2" name="K1" amplitude="2.7250" epoch="157.00"/>
         <harmonic-coeff rnk="3" name="K2" amplitude="0.2370" epoch="155.90"/>
         <harmonic-coeff rnk="4" name="L2" amplitude="0.1630" epoch="185.60"/>
         <harmonic-coeff rnk="5" name="M1" amplitude="0.1150" epoch="172.00"/>
         <harmonic-coeff rnk="6" name="M2" amplitude="3.5090" epoch="139.60"/>
         <harmonic-coeff rnk="7" name="M3" amplitude="0.0000" epoch="0.00"/>
         <harmonic-coeff rnk="8" name="M4" amplitude="0.0690" epoch="91.20"/>
         <harmonic-coeff rnk="9" name="M6" amplitude="0.0300" epoch="326.30"/>
         <harmonic-coeff rnk="10" name="M8" amplitude="0.0000" epoch="0.00"/>
         <harmonic-coeff rnk="11" name="N2" amplitude="0.6970" epoch="112.70"/>
         <harmonic-coeff rnk="12" name="2N2" amplitude="0.0930" epoch="85.90"/>
         <harmonic-coeff rnk="13" name="O1" amplitude="1.5030" epoch="143.90"/>
         <harmonic-coeff rnk="14" name="OO1" amplitude="0.0650" epoch="170.10"/>
         <harmonic-coeff rnk="15" name="P1" amplitude="0.8280" epoch="154.90"/>
         <harmonic-coeff rnk="16" name="Q1" amplitude="0.2470" epoch="143.50"/>
         <harmonic-coeff rnk="17" name="2Q1" amplitude="0.0390" epoch="130.70"/>
         <harmonic-coeff rnk="18" name="R2" amplitude="0.0000" epoch="0.00"/>
         <harmonic-coeff rnk="19" name="S1" amplitude="0.0580" epoch="262.10"/>
         <harmonic-coeff rnk="20" name="S2" amplitude="0.8470" epoch="157.90"/>
         <harmonic-coeff rnk="21" name="S4" amplitude="0.0000" epoch="0.00"/>
         <harmonic-coeff rnk="22" name="S6" amplitude="0.0000" epoch="0.00"/>
         <harmonic-coeff rnk="23" name="T2" amplitude="0.0500" epoch="158.20"/>
         <harmonic-coeff rnk="24" name="LDA2" amplitude="0.0560" epoch="164.60"/>
         <harmonic-coeff rnk="25" name="MU2" amplitude="0.1050" epoch="7.00"/>
         <harmonic-coeff rnk="26" name="NU2" amplitude="0.1180" epoch="132.20"/>
         <harmonic-coeff rnk="27" name="RHO1" amplitude="0.0570" epoch="138.30"/>
         <harmonic-coeff rnk="28" name="MK3" amplitude="0.0000" epoch="0.00"/>
         <harmonic-coeff rnk="29" name="2MK3" amplitude="0.0000" epoch="0.00"/>
         <harmonic-coeff rnk="30" name="MN4" amplitude="0.0000" epoch="0.00"/>
         <harmonic-coeff rnk="31" name="MS4" amplitude="0.0330" epoch="119.00"/>
         <harmonic-coeff rnk="32" name="2SM2" amplitude="0.0000" epoch="0.00"/>
         <harmonic-coeff rnk="33" name="MF" amplitude="0.0000" epoch="0.00"/>
         <harmonic-coeff rnk="34" name="MSF" amplitude="0.0000" epoch="0.00"/>
         <harmonic-coeff rnk="35" name="MM" amplitude="0.0000" epoch="0.00"/>
         <harmonic-coeff rnk="36" name="SA" amplitude="0.2420" epoch="289.10"/>
         <harmonic-coeff rnk="37" name="SSA" amplitude="0.0890" epoch="214.00"/>
         <harmonic-coeff rnk="38" name="SA-IOS" amplitude="0.0000" epoch="0.00"/>
         <harmonic-coeff rnk="39" name="MF-IOS" amplitude="0.0000" epoch="0.00"/>
         <harmonic-coeff rnk="40" name="S1-IOS" amplitude="0.0000" epoch="0.00"/>
         <harmonic-coeff rnk="41" name="OO1-IOS" amplitude="0.0000" epoch="0.00"/>
         <harmonic-coeff rnk="42" name="R2-IOS" amplitude="0.0000" epoch="0.00"/>
         <harmonic-coeff rnk="43" name="A7" amplitude="0.0000" epoch="0.00"/>
         <harmonic-coeff rnk="44" name="2MK5" amplitude="0.0000" epoch="0.00"/>
         <harmonic-coeff rnk="45" name="2MK6" amplitude="0.0000" epoch="0.00"/>
         <harmonic-coeff rnk="46" name="2MN2" amplitude="0.0000" epoch="0.00"/>
         <harmonic-coeff rnk="47" name="2MN6" amplitude="0.0000" epoch="0.00"/>
         <harmonic-coeff rnk="48" name="2MS6" amplitude="0.0000" epoch="0.00"/>
         <harmonic-coeff rnk="49" name="2NM6" amplitude="0.0000" epoch="0.00"/>
         <harmonic-coeff rnk="50" name="2SK5" amplitude="0.0000" epoch="0.00"/>
         <harmonic-coeff rnk="51" name="2SM6" amplitude="0.0000" epoch="0.00"/>
         <harmonic-coeff rnk="52" name="3MK7" amplitude="0.0000" epoch="0.00"/>
         <harmonic-coeff rnk="53" name="3MN8" amplitude="0.0000" epoch="0.00"/>
         <harmonic-coeff rnk="54" name="3MS2" amplitude="0.0000" epoch="0.00"/>
         <harmonic-coeff rnk="55" name="3MS4" amplitude="0.0000" epoch="0.00"/>
         <harmonic-coeff rnk="56" name="3MS8" amplitude="0.0000" epoch="0.00"/>
         <harmonic-coeff rnk="57" name="ALP1" amplitude="0.0000" epoch="0.00"/>
         <harmonic-coeff rnk="58" name="BET1" amplitude="0.0000" epoch="0.00"/>
         <harmonic-coeff rnk="59" name="CHI1" amplitude="0.0000" epoch="0.00"/>
         <harmonic-coeff rnk="60" name="H1" amplitude="0.0000" epoch="0.00"/>
         <harmonic-coeff rnk="61" name="H2" amplitude="0.0000" epoch="0.00"/>
         <harmonic-coeff rnk="62" name="KJ2" amplitude="0.0000" epoch="0.00"/>
         <harmonic-coeff rnk="63" name="ETA2" amplitude="0.0000" epoch="0.00"/>
         <harmonic-coeff rnk="64" name="KQ1" amplitude="0.0000" epoch="0.00"/>
         <harmonic-coeff rnk="65" name="UPS1" amplitude="0.0000" epoch="0.00"/>
         <harmonic-coeff rnk="66" name="M10" amplitude="0.0000" epoch="0.00"/>
         <harmonic-coeff rnk="67" name="M12" amplitude="0.0000" epoch="0.00"/>
         <harmonic-coeff rnk="68" name="MK4" amplitude="0.0000" epoch="0.00"/>
         <harmonic-coeff rnk="69" name="MKS2" amplitude="0.0000" epoch="0.00"/>
         <harmonic-coeff rnk="70" name="MNS2" amplitude="0.0000" epoch="0.00"/>
         <harmonic-coeff rnk="71" name="EPS2" amplitude="0.0000" epoch="0.00"/>
         <harmonic-coeff rnk="72" name="MO3" amplitude="0.0000" epoch="0.00"/>
         <harmonic-coeff rnk="73" name="MP1" amplitude="0.0000" epoch="0.00"/>
         <harmonic-coeff rnk="74" name="TAU1" amplitude="0.0000" epoch="0.00"/>
         <harmonic-coeff rnk="75" name="MPS2" amplitude="0.0000" epoch="0.00"/>
         <harmonic-coeff rnk="76" name="MSK6" amplitude="0.0000" epoch="0.00"/>
         <harmonic-coeff rnk="77" name="MSM" amplitude="0.0000" epoch="0.00"/>
         <harmonic-coeff rnk="78" name="MSN2" amplitude="0.0000" epoch="0.00"/>
         <harmonic-coeff rnk="79" name="MSN6" amplitude="0.0000" epoch="0.00"/>
         <harmonic-coeff rnk="80" name="NLK2" amplitude="0.0000" epoch="0.00"/>
         <harmonic-coeff rnk="81" name="NO1" amplitude="0.0000" epoch="0.00"/>
         <harmonic-coeff rnk="82" name="OP2" amplitude="0.0000" epoch="0.00"/>
         <harmonic-coeff rnk="83" name="OQ2" amplitude="0.0000" epoch="0.00"/>
         <harmonic-coeff rnk="84" name="PHI1" amplitude="0.0000" epoch="0.00"/>
         <harmonic-coeff rnk="85" name="KP1" amplitude="0.0000" epoch="0.00"/>
         <harmonic-coeff rnk="86" name="PI1" amplitude="0.0000" epoch="0.00"/>
         <harmonic-coeff rnk="87" name="TK1" amplitude="0.0000" epoch="0.00"/>
         <harmonic-coeff rnk="88" name="PSI1" amplitude="0.0000" epoch="0.00"/>
         <harmonic-coeff rnk="89" name="RP1" amplitude="0.0000" epoch="0.00"/>
         <harmonic-coeff rnk="90" name="S3" amplitude="0.0000" epoch="0.00"/>
         <harmonic-coeff rnk="91" name="SIG1" amplitude="0.0000" epoch="0.00"/>
         <harmonic-coeff rnk="92" name="SK3" amplitude="0.0000" epoch="0.00"/>
         <harmonic-coeff rnk="93" name="SK4" amplitude="0.0000" epoch="0.00"/>
         <harmonic-coeff rnk="94" name="SN4" amplitude="0.0000" epoch="0.00"/>
         <harmonic-coeff rnk="95" name="SNK6" amplitude="0.0000" epoch="0.00"/>
         <harmonic-coeff rnk="96" name="SO1" amplitude="0.0000" epoch="0.00"/>
         <harmonic-coeff rnk="97" name="SO3" amplitude="0.0000" epoch="0.00"/>
         <harmonic-coeff rnk="98" name="THE1" amplitude="0.0000" epoch="0.00"/>
      </station-data>
   </station>
</stations>
